insert into studentgroup(id,name) values ('b275fc84-6d32-4011-9122-28042e617f97', 'TTK-15');
insert into studentgroup(id,name) values ('ff0334b4-4217-4fb7-8db8-ab6769b11162', 'TTK-16');
insert into studentgroup(id,name) values ('804d56c5-9024-47a5-950c-e0b7e6e31183', 'SR-15');



insert into student(id,firstname,lastname,age,time,groupid_id)
values('fba6fdc7-ec50-48a5-863c-94a4df571229','Artem','Nepomniaschiy',35,'2022-09-07 20:42:41.977756','b275fc84-6d32-4011-9122-28042e617f97');
insert into student(id,firstname,lastname,age,time,groupid_id)
values('1fbabce1-0d83-4f83-baf5-3543c3f69e54','Andrei','Roi',24,'2022-09-07 20:42:41.977756','b275fc84-6d32-4011-9122-28042e617f97');
insert into student(id,firstname,lastname,age,time,groupid_id)
values('17bbe591-3ffe-4d57-a6ab-7dd17b37af6e','Nikolai','Vasilev',23,'2022-09-07 20:42:41.977756','b275fc84-6d32-4011-9122-28042e617f97');
insert into student(id,firstname,lastname,age,time,groupid_id)
values('2c9d3950-cf24-45fd-b66c-eb43765f9457','Vsevolod','Uzyumov',25,'2022-09-07 20:42:41.977756','b275fc84-6d32-4011-9122-28042e617f97');
insert into student(id,firstname,lastname,age,time,groupid_id)
values('5ddc62ff-60f3-482d-ab40-13106e64605c','Semen','Solnvcev',23,'2022-09-07 20:42:41.977756','b275fc84-6d32-4011-9122-28042e617f97');
insert into student(id,firstname,lastname,age,time,groupid_id)
values('88a14ac7-b603-4f9d-9c1c-2c4b62634189','Sergei','Antonov',24,'2022-09-07 20:42:41.977756','b275fc84-6d32-4011-9122-28042e617f97');
insert into student(id,firstname,lastname,age,time,groupid_id)
values('ca87814c-e603-40e5-9a8e-235d0b2ff4a5','Evgeniy','Bezmolvnui',34,'2022-09-07 20:42:41.977756','b275fc84-6d32-4011-9122-28042e617f97');
insert into student(id,firstname,lastname,age,time,groupid_id)
values('fb28e518-5a51-45c0-b528-41c66d309c8c','Natalia','Bodrova',24,'2022-09-07 20:42:41.977756','b275fc84-6d32-4011-9122-28042e617f97');
insert into student(id,firstname,lastname,age,time,groupid_id)
values('fbc0fcf0-dc5d-4d59-bb38-64fa231dd871','Anna','Dudka',25,'2022-09-07 20:42:41.977756','b275fc84-6d32-4011-9122-28042e617f97');
insert into student(id,firstname,lastname,age,time,groupid_id)
values('2a8fa127-1517-424e-9cf4-492b6a5b1bdd','Sergei','Vsevolodov',44,'2022-09-07 20:42:41.977756','b275fc84-6d32-4011-9122-28042e617f97');






insert into student(id,firstname,lastname,age,time,groupid_id)
values('6068bdc0-ee9f-472f-9294-5d17167fe7e5','Eva','Alekhina',21,'2022-09-07 20:42:41.977756','ff0334b4-4217-4fb7-8db8-ab6769b11162');
insert into student(id,firstname,lastname,age,time,groupid_id)
values('a27b1a76-f888-4028-881d-d38e0fae122a','Anna','Zvyaginvceva',28,'2022-09-07 20:42:41.977756','ff0334b4-4217-4fb7-8db8-ab6769b11162');
insert into student(id,firstname,lastname,age,time,groupid_id)
values('82e355fa-e333-4ac1-a8b5-f985c026f1b5','Anatoliy','Dobrov',24,'2022-09-07 20:42:41.977756','ff0334b4-4217-4fb7-8db8-ab6769b11162');
insert into student(id,firstname,lastname,age,time,groupid_id)
values('fec6a926-f50d-45b5-a74c-be11cea644fa','Nikita','Titov',25,'2022-09-07 20:42:41.977756','ff0334b4-4217-4fb7-8db8-ab6769b11162');
insert into student(id,firstname,lastname,age,time,groupid_id)
values('156aa59c-7cdd-4246-8124-74fc525bbd1f','Vsevolod','Izryandui',22,'2022-09-07 20:42:41.977756','ff0334b4-4217-4fb7-8db8-ab6769b11162');
insert into student(id,firstname,lastname,age,time,groupid_id)
values('b0918ad9-eac2-4776-9de8-9e13e625b152','Anastasia','Chernova',24,'2022-09-07 20:42:41.977756','ff0334b4-4217-4fb7-8db8-ab6769b11162');
insert into student(id,firstname,lastname,age,time,groupid_id)
values('78f4cc8e-3433-4dfd-9b72-3af039fbce4c','Evgeniy','Bezdolnui',32,'2022-09-07 20:42:41.977756','ff0334b4-4217-4fb7-8db8-ab6769b11162');
insert into student(id,firstname,lastname,age,time,groupid_id)
values('801fe56c-e5d1-4b43-8bdb-69e07783542a','Natalia','Semenova',24,'2022-09-07 20:42:41.977756','ff0334b4-4217-4fb7-8db8-ab6769b11162');
insert into student(id,firstname,lastname,age,time,groupid_id)
values('d4708673-f7cc-4cc6-be8e-f5fe9bc2b02a','Anatoloiy','Sergeev',21,'2022-09-07 20:42:41.977756','ff0334b4-4217-4fb7-8db8-ab6769b11162');
insert into student(id,firstname,lastname,age,time,groupid_id)
values('335a212c-3fc8-47a2-9463-39a5e3c20ec1','Anna','Vsevolodova',25,'2022-09-07 20:42:41.977756','ff0334b4-4217-4fb7-8db8-ab6769b11162');




insert into student(id,firstname,lastname,age,time,groupid_id)
values('5c4503a3-bd54-4542-a3ee-dc4ac57ab0bd','Denis','Ronadlev',25,'2022-09-07 20:42:41.977756','804d56c5-9024-47a5-950c-e0b7e6e31183');
insert into student(id,firstname,lastname,age,time,groupid_id)
values('3f4fe167-f3ec-4aa3-bc3e-ae75f867152c','Nikita','Zernov',21,'2022-09-07 20:42:41.977756','804d56c5-9024-47a5-950c-e0b7e6e31183');
insert into student(id,firstname,lastname,age,time,groupid_id)
values('c97a1ab6-442d-498d-86ac-ecbf9d6202c1','Nikita','Belov',22,'2022-09-07 20:42:41.977756','804d56c5-9024-47a5-950c-e0b7e6e31183');
insert into student(id,firstname,lastname,age,time,groupid_id)
values('442aac24-9b07-423d-a710-06c6c1603d5d','Anna','Serdcova',25,'2022-09-07 20:42:41.977756','804d56c5-9024-47a5-950c-e0b7e6e31183');
insert into student(id,firstname,lastname,age,time,groupid_id)
values('ce4b43cc-aae0-4898-bae4-67e429b44178','Anataloi','Beglov',52,'2022-09-07 20:42:41.977756','804d56c5-9024-47a5-950c-e0b7e6e31183');
insert into student(id,firstname,lastname,age,time,groupid_id)
values('dfe608a2-76b0-4f00-b7b1-6b99ec49c0fe','Vasilisa','Serova',32,'2022-09-07 20:42:41.977756','804d56c5-9024-47a5-950c-e0b7e6e31183');
insert into student(id,firstname,lastname,age,time,groupid_id)
values('aa7da7be-8dec-49e6-b2ba-c90746243355','Rostislav','Karyakin',22,'2022-09-07 20:42:41.977756','804d56c5-9024-47a5-950c-e0b7e6e31183');
insert into student(id,firstname,lastname,age,time,groupid_id)
values('93800832-51e7-4768-95af-ee2b3342f3d0','Fakhid','Johnson',23,'2022-09-07 20:42:41.977756','804d56c5-9024-47a5-950c-e0b7e6e31183');
insert into student(id,firstname,lastname,age,time,groupid_id)
values('6627c3e4-4080-4f02-8690-e5da6ba0764b','Anatoliy','Cvetnoi',21,'2022-09-07 20:42:41.977756','804d56c5-9024-47a5-950c-e0b7e6e31183');
insert into student(id,firstname,lastname,age,time,groupid_id)
values('c36613e4-befa-42bb-8ed1-fda8389afd15','Oksana','Prikhodko',25,'2022-09-07 20:42:41.977756','804d56c5-9024-47a5-950c-e0b7e6e31183');

insert into subject(id,name)
values('3da67860-07ed-4d96-87e8-093bbd2ab78e', 'Math');
insert into subject(id,name)
values('82c3a0df-2bd1-40e8-a612-ed251b6a4874', 'Physics');
insert into subject(id,name)
values('92bb25c4-aed0-47c1-bbf9-9f37d2790ccb', 'Compuer Science');
insert into subject(id,name)
values('d7e078d9-1e63-42de-b417-7260319e19fb', 'Algebra');
insert into subject(id,name)
values('97314048-8342-4f37-8298-2d5089ad6a05', 'Ukrainian');


insert into teacher(id,firstname,lastname,age,subject_id)
values('6ab2beab-e6fd-4dd3-b444-ac7e524cce8d','Nikita', 'Shmatchenko', 25,'92bb25c4-aed0-47c1-bbf9-9f37d2790ccb');

insert into teacher(id,firstname,lastname,age,subject_id)
values('87e2ff73-66f6-42a2-b7fb-035552084181','Vladislav', 'Khrystich', 25,'82c3a0df-2bd1-40e8-a612-ed251b6a4874');

insert into teacher(id,firstname,lastname,age,subject_id)
values('0023c269-5630-4190-ab52-61410e2e9717','Aleksei', 'Paziy', 25,'97314048-8342-4f37-8298-2d5089ad6a05');

insert into teacher(id,firstname,lastname,age,subject_id)
values('82192728-405a-4911-9231-f4d9435f4adc','Artem', 'Bulyha', 26,'3da67860-07ed-4d96-87e8-093bbd2ab78e');


insert into grade(id,"value",student_id,subjectname_id)
values('908c44fa-26ce-4aef-a279-4b896df1dfa5',5,'fba6fdc7-ec50-48a5-863c-94a4df571229','92bb25c4-aed0-47c1-bbf9-9f37d2790ccb');
insert into grade(id,"value",student_id,subjectname_id)
values('673895da-c974-4661-a1ac-fe08ce6e9100',4,'1fbabce1-0d83-4f83-baf5-3543c3f69e54','92bb25c4-aed0-47c1-bbf9-9f37d2790ccb');
insert into grade(id,"value",student_id,subjectname_id)
values('8135c28c-51af-4e60-805e-faab89ed6b4c',4,'17bbe591-3ffe-4d57-a6ab-7dd17b37af6e','92bb25c4-aed0-47c1-bbf9-9f37d2790ccb');

insert into grade(id,"value",student_id,subjectname_id)
values('c3adc318-e4c8-4976-813b-8caf495a2fa8',5,'fba6fdc7-ec50-48a5-863c-94a4df571229','82c3a0df-2bd1-40e8-a612-ed251b6a4874');
insert into grade(id,"value",student_id,subjectname_id)
values('32e5d4d5-7fa0-4c08-a177-f424871626e7',4,'1fbabce1-0d83-4f83-baf5-3543c3f69e54','82c3a0df-2bd1-40e8-a612-ed251b6a4874');
insert into grade(id,"value",student_id,subjectname_id)
values('e6360261-9572-4dbb-a71f-806b746873a8',3,'17bbe591-3ffe-4d57-a6ab-7dd17b37af6e','82c3a0df-2bd1-40e8-a612-ed251b6a4874');


insert into grade(id,"value",student_id,subjectname_id)
values('f1001c15-1c55-429d-a412-83657d966ae0',5,'fba6fdc7-ec50-48a5-863c-94a4df571229','97314048-8342-4f37-8298-2d5089ad6a05');
insert into grade(id,"value",student_id,subjectname_id)
values('e37845ab-8674-4c60-a110-dfd47ccbd01f',4,'1fbabce1-0d83-4f83-baf5-3543c3f69e54','97314048-8342-4f37-8298-2d5089ad6a05');
insert into grade(id,"value",student_id,subjectname_id)
values('1e03889f-692a-4ba6-b6d6-afba3da0b220',5,'17bbe591-3ffe-4d57-a6ab-7dd17b37af6e','97314048-8342-4f37-8298-2d5089ad6a05');


insert into grade(id,"value",student_id,subjectname_id)
values('a2eabdb3-579c-4ae9-8aad-6ed68097acf4',5,'fba6fdc7-ec50-48a5-863c-94a4df571229','3da67860-07ed-4d96-87e8-093bbd2ab78e');
insert into grade(id,"value",student_id,subjectname_id)
values('b813337f-a323-4bf7-a2c1-1728d26d02fa',4,'1fbabce1-0d83-4f83-baf5-3543c3f69e54','3da67860-07ed-4d96-87e8-093bbd2ab78e');
insert into grade(id,"value",student_id,subjectname_id)
values('c6540b5e-5c72-4921-b2aa-695fe86f3c15',3,'17bbe591-3ffe-4d57-a6ab-7dd17b37af6e','3da67860-07ed-4d96-87e8-093bbd2ab78e');











insert into grade(id,"value",student_id,subjectname_id)
values('ba270562-586b-47f6-aaf1-062a632b7561',3,'a27b1a76-f888-4028-881d-d38e0fae122a','92bb25c4-aed0-47c1-bbf9-9f37d2790ccb');
insert into grade(id,"value",student_id,subjectname_id)
values('27e264f6-d285-4af7-9b3b-3847ecd33e25',3,'6068bdc0-ee9f-472f-9294-5d17167fe7e5','92bb25c4-aed0-47c1-bbf9-9f37d2790ccb');
insert into grade(id,"value",student_id,subjectname_id)
values('d83147ec-f8d2-4ce6-bcb5-79f8cf32e75e',2,'82e355fa-e333-4ac1-a8b5-f985c026f1b5','92bb25c4-aed0-47c1-bbf9-9f37d2790ccb');

insert into grade(id,"value",student_id,subjectname_id)
values('2c477d17-7178-4895-9507-f1483a8db0c9',3,'a27b1a76-f888-4028-881d-d38e0fae122a','82c3a0df-2bd1-40e8-a612-ed251b6a4874');
insert into grade(id,"value",student_id,subjectname_id)
values('aa38bfa2-6487-4fde-80d4-f9e7e1d60dce',4,'6068bdc0-ee9f-472f-9294-5d17167fe7e5','82c3a0df-2bd1-40e8-a612-ed251b6a4874');
insert into grade(id,"value",student_id,subjectname_id)
values('7fca9152-cce9-449b-95d6-94a4b71a56fc',3,'82e355fa-e333-4ac1-a8b5-f985c026f1b5','82c3a0df-2bd1-40e8-a612-ed251b6a4874');


insert into grade(id,"value",student_id,subjectname_id)
values('30466f8d-9e1e-4c51-8d5b-68d809b5196c',4,'a27b1a76-f888-4028-881d-d38e0fae122a','97314048-8342-4f37-8298-2d5089ad6a05');
insert into grade(id,"value",student_id,subjectname_id)
values('29e28875-3830-4628-b3ff-7eb20e7cec85',4,'6068bdc0-ee9f-472f-9294-5d17167fe7e5','97314048-8342-4f37-8298-2d5089ad6a05');
insert into grade(id,"value",student_id,subjectname_id)
values('fd40b2ef-c1b1-4312-a0ee-013e72416a18',3,'82e355fa-e333-4ac1-a8b5-f985c026f1b5','97314048-8342-4f37-8298-2d5089ad6a05');


insert into grade(id,"value",student_id,subjectname_id)
values('828dd693-62ad-4c7d-afaa-6be7ff92653d',3,'a27b1a76-f888-4028-881d-d38e0fae122a','3da67860-07ed-4d96-87e8-093bbd2ab78e');
insert into grade(id,"value",student_id,subjectname_id)
values('0f57abc5-1719-4e53-bfcb-d2b7a2c5a7a7',3,'6068bdc0-ee9f-472f-9294-5d17167fe7e5','3da67860-07ed-4d96-87e8-093bbd2ab78e');
insert into grade(id,"value",student_id,subjectname_id)
values('d1eaa9fa-7901-42ce-a3e0-47ec875e1921',3,'82e355fa-e333-4ac1-a8b5-f985c026f1b5','3da67860-07ed-4d96-87e8-093bbd2ab78e');










insert into grade(id,"value",student_id,subjectname_id)
values('74e6c053-b7fd-49c7-ac8c-44ed9e2ae356',2,'3f4fe167-f3ec-4aa3-bc3e-ae75f867152c','92bb25c4-aed0-47c1-bbf9-9f37d2790ccb');
insert into grade(id,"value",student_id,subjectname_id)
values('286883d9-fc90-4385-a882-7d492245c68d',2,'82e355fa-e333-4ac1-a8b5-f985c026f1b5','92bb25c4-aed0-47c1-bbf9-9f37d2790ccb');
insert into grade(id,"value",student_id,subjectname_id)
values('5b459c7f-f972-45d7-bc73-0832dea956c0',3,'5c4503a3-bd54-4542-a3ee-dc4ac57ab0bd','92bb25c4-aed0-47c1-bbf9-9f37d2790ccb');

insert into grade(id,"value",student_id,subjectname_id)
values('52212214-5546-402e-8c08-f5df6f1c18c2',3,'3f4fe167-f3ec-4aa3-bc3e-ae75f867152c','82c3a0df-2bd1-40e8-a612-ed251b6a4874');
insert into grade(id,"value",student_id,subjectname_id)
values('31775ee0-cd26-4015-be9f-6ee8c0ac7e57',5,'82e355fa-e333-4ac1-a8b5-f985c026f1b5','82c3a0df-2bd1-40e8-a612-ed251b6a4874');
insert into grade(id,"value",student_id,subjectname_id)
values('7d8d5b2c-0b00-4143-9f14-a57aa0dc30df',3,'5c4503a3-bd54-4542-a3ee-dc4ac57ab0bd','82c3a0df-2bd1-40e8-a612-ed251b6a4874');


insert into grade(id,"value",student_id,subjectname_id)
values('60f7f3a5-7d84-4be5-94d7-9305f060b58e',3,'3f4fe167-f3ec-4aa3-bc3e-ae75f867152c','97314048-8342-4f37-8298-2d5089ad6a05');
insert into grade(id,"value",student_id,subjectname_id)
values('5804bb83-5789-46c0-b3e5-ebb9d521d61c',3,'82e355fa-e333-4ac1-a8b5-f985c026f1b5','97314048-8342-4f37-8298-2d5089ad6a05');
insert into grade(id,"value",student_id,subjectname_id)
values('453fba7c-6ded-4127-b2d0-8bd18b6703e7',5,'5c4503a3-bd54-4542-a3ee-dc4ac57ab0bd','97314048-8342-4f37-8298-2d5089ad6a05');


insert into grade(id,"value",student_id,subjectname_id)
values('2cb1f41a-fdaf-4b92-8cfa-0ad0a6f5eece',4,'3f4fe167-f3ec-4aa3-bc3e-ae75f867152c','3da67860-07ed-4d96-87e8-093bbd2ab78e');
insert into grade(id,"value",student_id,subjectname_id)
values('26546eb2-72ef-4c2a-8c52-c3ee40db3503',4,'82e355fa-e333-4ac1-a8b5-f985c026f1b5','3da67860-07ed-4d96-87e8-093bbd2ab78e');
insert into grade(id,"value",student_id,subjectname_id)
values('795a5a29-b233-4986-a947-dba15c0262e6',4,'5c4503a3-bd54-4542-a3ee-dc4ac57ab0bd','3da67860-07ed-4d96-87e8-093bbd2ab78e');